sector,date,year,quarter,quarter_label,employed_thousands,employed_yoy_growth,sector_share_pct,rank_by_employment
Agriculture,2008-01-01,2008,1,Q1 2008,838.0587887133674,,5.804639563081296,8
Agriculture,2008-04-01,2008,2,Q2 2008,820.2053376777606,,5.625648521257507,8
Agriculture,2008-07-01,2008,3,Q3 2008,809.6337561720011,,5.566439689819895,8
Agriculture,2008-10-01,2008,4,Q4 2008,806.5619175876649,,5.463195497303548,8
Agriculture,2009-01-01,2009,1,Q1 2009,777.9947695943529,-7.1670412538991535,5.324914564791908,8
Agriculture,2009-04-01,2009,2,Q2 2009,752.2474492012296,-8.285472595062526,5.24045768850731,8
Agriculture,2009-07-01,2009,3,Q3 2009,681.2602536530014,-15.85574978073513,4.928540939327566,8
Agriculture,2009-10-01,2009,4,Q4 2009,647.0899064391338,-19.771825035515413,4.632190771293426,8
Agriculture,2010-01-01,2010,1,Q1 2010,683.1153111447801,-12.195385130807889,4.953530459491338,8
Agriculture,2010-04-01,2010,2,Q2 2010,654.731832738687,-12.963236574093951,4.743901643115018,8
Agriculture,2010-07-01,2010,3,Q3 2010,674.359730999628,-1.012905510980855,4.941635521319129,8
Agriculture,2010-10-01,2010,4,Q4 2010,648.9614870488392,0.2892303822207065,4.669619272519707,8
Agriculture,2011-01-01,2011,1,Q1 2011,627.3144835283541,-8.16858101495539,4.513770189458925,8
Agriculture,2011-04-01,2011,2,Q2 2011,625.6182644833565,-4.446640105087141,4.494763953327195,8
Agriculture,2011-07-01,2011,3,Q3 2011,653.0678016072799,-3.1573548083581926,4.62691254500645,8
Agriculture,2011-10-01,2011,4,Q4 2011,670.5368166513459,3.324593220565486,4.67927845224808,8
Agriculture,2012-01-01,2012,1,Q1 2012,693.8071012923615,10.599566805793659,4.859555918001251,8
Agriculture,2012-04-01,2012,2,Q2 2012,674.3988233492819,7.797176271093842,4.7076253963092185,8
Agriculture,2012-07-01,2012,3,Q3 2012,698.8626901703087,7.012271689145,4.799641510447318,8
Agriculture,2012-10-01,2012,4,Q4 2012,717.9011545544065,7.063644639170974,4.9435654286433035,8
Agriculture,2013-01-01,2013,1,Q1 2013,763.9149969419582,10.104810907672457,5.2481888319414205,8
Agriculture,2013-04-01,2013,2,Q2 2013,742.2462875460354,10.060436324577381,5.05361520452062,8
Agriculture,2013-07-01,2013,3,Q3 2013,740.1673319080833,5.910265681475835,4.923608805954114,8
Agriculture,2013-10-01,2013,4,Q4 2013,713.495459160674,-0.6136910862703737,4.702101430405743,8
Agriculture,2014-01-01,2014,1,Q1 2014,708.6920910815306,-7.228933334401255,4.708498550310091,8
Agriculture,2014-04-01,2014,2,Q2 2014,669.7119504196761,-9.772273481645488,4.4376420360826065,8
Agriculture,2014-07-01,2014,3,Q3 2014,685.7247154796333,-7.3554470835806685,4.537151379762813,8
Agriculture,2014-10-01,2014,4,Q4 2014,741.8942428880839,3.980233281486756,4.844873609584501,8
Agriculture,2015-01-01,2015,1,Q1 2015,891.4848689317372,25.792975560267315,5.76828253057405,8
Agriculture,2015-04-01,2015,2,Q2 2015,869.3426918494845,29.808448438871295,5.553736047276328,8
Agriculture,2015-07-01,2015,3,Q3 2015,897.0991943938453,30.82497599147569,5.66903416651969,8
Agriculture,2015-10-01,2015,4,Q4 2015,860.3198748922157,15.962602909967117,5.37213831175154,8
Agriculture,2016-01-01,2016,1,Q1 2016,869.2637732811637,-2.492593696761325,5.5469783107352635,8
Agriculture,2016-04-01,2016,2,Q2 2016,825.4895771112358,-5.04439907868246,5.31160301373243,8
Agriculture,2016-07-01,2016,3,Q3 2016,881.3710134431894,-1.7532265159688531,5.568384447266098,8
Agriculture,2016-10-01,2016,4,Q4 2016,919.3934793551114,6.866469808139297,5.723289870322788,8
Agriculture,2017-01-01,2017,1,Q1 2017,875.0555158664525,0.6662813708924187,5.401185308272381,8
Agriculture,2017-04-01,2017,2,Q2 2017,835.2167976160861,1.17835776181332,5.188646457422635,8
Agriculture,2017-07-01,2017,3,Q3 2017,810.4680805360164,-8.044618194349463,5.006326492546066,8
Agriculture,2017-10-01,2017,4,Q4 2017,849.4951044902351,-7.602661584450754,5.255073948183031,8
Agriculture,2018-01-01,2018,1,Q1 2018,846.6101194308967,-3.2506962038162945,5.1732820282607666,8
Agriculture,2018-04-01,2018,2,Q2 2018,843.4715370735072,0.9883349426139665,5.18097539230913,8
Agriculture,2018-07-01,2018,3,Q3 2018,842.1224767088496,3.9056931337626555,5.144475044354042,8
Agriculture,2018-10-01,2018,4,Q4 2018,849.3026122625776,-0.022659604115449206,5.141128657121178,8
Agriculture,2019-01-01,2019,1,Q1 2019,837.1983053765629,-1.1117058299114801,5.141199914079113,8
Agriculture,2019-04-01,2019,2,Q2 2019,842.0617717080111,-0.16713846330694837,5.163837306591065,8
Agriculture,2019-07-01,2019,3,Q3 2019,879.691907922087,4.461278763163379,5.373702365854208,8
Agriculture,2019-10-01,2019,4,Q4 2019,885.2102771565693,4.2278999705808396,5.393858565387178,8
Agriculture,2020-01-01,2020,1,Q1 2020,864.6980853105074,3.2847390824059852,5.2817704238143115,8
Agriculture,2020-04-01,2020,2,Q2 2020,799.0331802387402,-5.109909143837877,5.658326684584978,8
Agriculture,2020-07-01,2020,3,Q3 2020,807.8819132980949,-8.163084595561864,5.503696708217181,8
Agriculture,2020-10-01,2020,4,Q4 2020,810.2085941632101,-8.472753302670188,5.3961361078712615,8
Agriculture,2021-01-01,2021,1,Q1 2021,792.3215079787406,-8.37015584529448,5.288696894854157,8
Agriculture,2021-04-01,2021,2,Q2 2021,861.6337321252363,7.834537217564841,5.777070942569679,8
Agriculture,2021-07-01,2021,3,Q3 2021,829.2900450951132,2.6499085379473097,5.808465170531017,8
Agriculture,2021-10-01,2021,4,Q4 2021,867.5695518936185,7.07977650985685,5.966153224335427,8
Agriculture,2022-01-01,2022,1,Q1 2022,844.3885520847977,6.571454085461248,5.663325158831952,8
Agriculture,2022-04-01,2022,2,Q2 2022,873.8204841971977,1.4143773180632868,5.621809948500258,8
Agriculture,2022-07-01,2022,3,Q3 2022,872.6061104028511,5.223270864510354,5.540233685813799,8
Agriculture,2022-10-01,2022,4,Q4 2022,860.2454447312098,-0.844209798098905,5.403556115574016,8
Agriculture,2023-01-01,2023,1,Q1 2023,887.6193633728154,5.119777048289054,5.486917069335555,8
Agriculture,2023-04-01,2023,2,Q2 2023,894.4446411385069,2.360228137734399,5.476045073308016,8
Agriculture,2023-07-01,2023,3,Q3 2023,955.5904403122832,9.509941418026656,5.71037510185839,8
Agriculture,2023-10-01,2023,4,Q4 2023,920.3442226296172,6.986236110460986,5.506665005217047,8
Agriculture,2024-01-01,2024,1,Q1 2024,941.390344867874,6.057887391137706,5.624129970686574,8
Agriculture,2024-04-01,2024,2,Q2 2024,895.9244511195561,0.16544455777225409,5.383279084755042,8
Agriculture,2024-07-01,2024,3,Q3 2024,934.9594219184919,-2.1589812458828295,5.518457210055054,8
Agriculture,2024-10-01,2024,4,Q4 2024,923.9451527919932,0.39125906088566254,5.411798865756837,8
Agriculture,2025-01-01,2025,1,Q1 2025,930.1918624582622,-1.189568436797972,5.543141127253733,8
Agriculture,2025-04-01,2025,2,Q2 2025,905.7695539938895,1.0988764579458632,5.3908169729032975,8
Agriculture,2025-07-01,2025,3,Q3 2025,920.150002535516,-1.5839638636495734,5.3987843801784825,8
Agriculture,2025-10-01,2025,4,Q4 2025,950.1678729192693,2.8381251904440186,5.559192319331882,8
Agriculture,2026-01-01,2026,1,Q1 2026,959.8203677497472,3.1852036646702553,5.730958662163125,8
Community and social services,2008-01-01,2008,1,Q1 2008,2714.066578058035,,18.79841658843408,1
Community and social services,2008-04-01,2008,2,Q2 2008,2785.294647301671,,19.10386094075276,1
Community and social services,2008-07-01,2008,3,Q3 2008,2773.149281384476,,19.066112434193858,1
Community and social services,2008-10-01,2008,4,Q4 2008,2831.2545436462747,,19.177321340475217,1
Community and social services,2009-01-01,2009,1,Q1 2009,2823.851744890741,4.045043246922098,19.327596884773314,1
Community and social services,2009-04-01,2009,2,Q2 2009,2835.5595232487726,1.8046520139546773,19.75364585231599,1
Community and social services,2009-07-01,2009,3,Q3 2009,2791.2790499832213,0.6537610045173725,20.193359288411866,1
Community and social services,2009-10-01,2009,4,Q4 2009,2806.6405540491164,-0.869366890815082,20.09132632642458,1
Community and social services,2010-01-01,2010,1,Q1 2010,2843.4966732687276,0.6956784616448219,20.619282210047945,1
Community and social services,2010-04-01,2010,2,Q2 2010,2866.0550430663156,1.0754674542188258,20.766186319654405,1
Community and social services,2010-07-01,2010,3,Q3 2010,2805.038860609159,0.49295718484401174,20.555022838803527,1
Community and social services,2010-10-01,2010,4,Q4 2010,2985.4135850051975,6.369644687780451,21.48162116118499,1
Community and social services,2011-01-01,2011,1,Q1 2011,2989.767117677868,5.1440343076257555,21.512530068324057,1
Community and social services,2011-04-01,2011,2,Q2 2011,3008.3564654808224,4.965062438656531,21.61358286265591,1
Community and social services,2011-07-01,2011,3,Q3 2011,3009.7830416441607,7.2991566680305375,21.323977202454994,1
Community and social services,2011-10-01,2011,4,Q4 2011,3100.1703691902107,3.8439157898054965,21.634248928038495,1
Community and social services,2012-01-01,2012,1,Q1 2012,3094.018456062444,3.486938423001562,21.671089371320157,1
Community and social services,2012-04-01,2012,2,Q2 2012,3224.271379554079,7.1771718727736245,22.506951829482166,1
Community and social services,2012-07-01,2012,3,Q3 2012,3239.5936370700074,7.635453859833952,22.248845611822595,1
Community and social services,2012-10-01,2012,4,Q4 2012,3251.1573491830472,4.870280081809675,22.38791367382161,1
Community and social services,2013-01-01,2013,1,Q1 2013,3295.7474227587986,6.519966495386775,22.64218517277864,1
Community and social services,2013-04-01,2013,2,Q2 2013,3266.061458152118,1.29610921906389,22.237117410698577,1
Community and social services,2013-07-01,2013,3,Q3 2013,3373.1698296878412,4.123239133740375,22.438397321069903,1
Community and social services,2013-10-01,2013,4,Q4 2013,3470.2726218224725,6.739608364217897,22.86990568680653,1
Community and social services,2014-01-01,2014,1,Q1 2014,3428.0379558875147,4.013976684474763,22.77563408542035,1
Community and social services,2014-04-01,2014,2,Q2 2014,3530.701468832474,8.102725991876603,23.395116729111994,1
Community and social services,2014-07-01,2014,3,Q3 2014,3513.5160026016315,4.160661336366167,23.24745429056391,1
Community and social services,2014-10-01,2014,4,Q4 2014,3501.1522015511787,0.8898315231639975,22.863959475411143,1
Community and social services,2015-01-01,2015,1,Q1 2015,3449.9297023807535,0.6386086377964562,22.322498033867614,1
Community and social services,2015-04-01,2015,2,Q2 2015,3548.1470712517594,0.4941115122104822,22.667093742660203,1
Community and social services,2015-07-01,2015,3,Q3 2015,3581.8219504485587,1.9440909845394039,22.634588395994648,1
Community and social services,2015-10-01,2015,4,Q4 2015,3624.2825515472286,3.5168522505676147,22.631288333561734,1
Community and social services,2016-01-01,2016,1,Q1 2016,3670.531709710556,6.394391374918951,23.422533422481546,1
Community and social services,2016-04-01,2016,2,Q2 2016,3543.754104228346,-0.12381017289295748,22.802244270383472,1
Community and social services,2016-07-01,2016,3,Q3 2016,3498.8784462730105,-2.3156791522024434,22.105447111299885,1
Community and social services,2016-10-01,2016,4,Q4 2016,3571.454738944166,-1.457607453384402,22.232560039530615,1
Community and social services,2017-01-01,2017,1,Q1 2017,3569.2366285690546,-2.7596841316891663,22.030726154427178,1
Community and social services,2017-04-01,2017,2,Q2 2017,3560.1117684240694,0.4615914003797794,22.116606572073582,1
Community and social services,2017-07-01,2017,3,Q3 2017,3616.279067236209,3.3553786667911645,22.338046535738766,1
Community and social services,2017-10-01,2017,4,Q4 2017,3690.796952804578,3.341557504819259,22.83169239257176,1
Community and social services,2018-01-01,2018,1,Q1 2018,3785.363425222861,6.055266689909944,23.13078018876605,1
Community and social services,2018-04-01,2018,2,Q2 2018,3692.342887690181,3.7142406718496224,22.680003770445328,1
Community and social services,2018-07-01,2018,3,Q3 2018,3675.269081181572,1.6312351134572856,22.451995514141245,1
Community and social services,2018-10-01,2018,4,Q4 2018,3624.23192774186,-1.8035406963294531,21.938755815349573,1
Community and social services,2019-01-01,2019,1,Q1 2019,3574.297959230205,-5.575830964770045,21.9496148557325,1
Community and social services,2019-04-01,2019,2,Q2 2019,3622.4921781636976,-1.8917720171481744,22.214475090697277,1
Community and social services,2019-07-01,2019,3,Q3 2019,3678.976056050278,0.10086267935283111,22.473461627055617,1
Community and social services,2019-10-01,2019,4,Q4 2019,3792.1118907939217,4.632152864363248,23.106504444082038,1
Community and social services,2020-01-01,2020,1,Q1 2020,3758.894039746991,5.164540914673554,22.960170379304415,1
Community and social services,2020-04-01,2020,2,Q2 2020,3243.9755617828264,-10.449066492470592,22.97210421210912,1
Community and social services,2020-07-01,2020,3,Q3 2020,3381.228371191632,-8.093221600857758,23.034623191757756,1
Community and social services,2020-10-01,2020,4,Q4 2020,3550.8521078596073,-6.36214831951607,23.649318719855735,1
Community and social services,2021-01-01,2021,1,Q1 2021,3567.1380402742325,-5.101394118725022,23.810425044804752,1
Community and social services,2021-04-01,2021,2,Q2 2021,3401.388272757333,4.852462910910327,22.805585044211774,1
Community and social services,2021-07-01,2021,3,Q3 2021,3191.010170350615,-5.625712905454505,22.350288108385516,1
Community and social services,2021-10-01,2021,4,Q4 2021,3264.3799510419954,-8.067701726679132,22.448679679751198,1
Community and social services,2022-01-01,2022,1,Q1 2022,3545.6454420363966,-0.6025165831873291,23.780690757358844,1
Community and social services,2022-04-01,2022,2,Q2 2022,3821.327416540743,12.346110179388203,24.58488542589195,1
Community and social services,2022-07-01,2022,3,Q3 2022,3848.7411770165586,20.611999697690543,24.43591130371727,1
Community and social services,2022-10-01,2022,4,Q4 2022,3726.8701232084236,14.16778007164272,23.410006957381036,1
Community and social services,2023-01-01,2023,1,Q1 2023,3902.18539116068,10.05571354928001,24.121789715259286,1
Community and social services,2023-04-01,2023,2,Q2 2023,3965.0151189014773,3.7601515572514677,24.27495286887183,1
Community and social services,2023-07-01,2023,3,Q3 2023,4083.8301548260824,6.108204397151962,24.403971672965255,1
Community and social services,2023-10-01,2023,4,Q4 2023,3913.0621617732527,4.99593579624229,23.412894805716043,1
Community and social services,2024-01-01,2024,1,Q1 2024,3791.1030880444755,-2.846669032379412,22.649113213951537,1
Community and social services,2024-04-01,2024,2,Q2 2024,3827.210959167306,-3.475501494994304,22.99629693517684,1
Community and social services,2024-07-01,2024,3,Q3 2024,4021.495797784921,-1.526369968337149,23.736273425593645,1
Community and social services,2024-10-01,2024,4,Q4 2024,3958.973534385384,1.1732850313659782,23.18878822861424,1
Community and social services,2025-01-01,2025,1,Q1 2025,3914.2473174037236,3.248242701381354,23.32553762618702,1
Community and social services,2025-04-01,2025,2,Q2 2025,3872.2067016713995,1.1756797047289824,23.04599168510018,1
Community and social services,2025-07-01,2025,3,Q3 2025,3988.220026615994,-0.82744761755702,23.40003252195651,1
Community and social services,2025-10-01,2025,4,Q4 2025,4034.4001635347263,1.9052067030564723,23.60425672289504,1
Community and social services,2026-01-01,2026,1,Q1 2026,3827.994439907587,-2.2035622816329092,22.856441300087678,1
Construction,2008-01-01,2008,1,Q1 2008,1180.5254486936433,,8.17666351931203,5
Construction,2008-04-01,2008,2,Q2 2008,1222.6575736923194,,8.385999767961506,5
Construction,2008-07-01,2008,3,Q3 2008,1180.07878585588,,8.113344262917737,5
Construction,2008-10-01,2008,4,Q4 2008,1275.7068782233657,,8.640918844561678,5
Construction,2009-01-01,2009,1,Q1 2009,1220.976104356284,3.4264958631262887,8.35686009141115,5
Construction,2009-04-01,2009,2,Q2 2009,1207.180177342774,-1.2658815258310696,8.409701685910639,5
Construction,2009-07-01,2009,3,Q3 2009,1151.765417548724,-2.399277797932875,8.332385431929103,5
Construction,2009-10-01,2009,4,Q4 2009,1177.033843839671,-7.734773251447347,8.42579254394072,5
Construction,2010-01-01,2010,1,Q1 2010,1104.8465082747498,-9.511209569720391,8.011664710940277,5
Construction,2010-04-01,2010,2,Q2 2010,1098.261502065462,-9.022569896489019,7.957524414881655,5
Construction,2010-07-01,2010,3,Q3 2010,1117.7179879911462,-2.956107992028456,8.190517105887869,5
Construction,2010-10-01,2010,4,Q4 2010,1114.8104974105895,-5.286453465611407,8.021647952621876,5
Construction,2011-01-01,2011,1,Q1 2011,1093.4821376113205,-1.02859271204786,7.868026651791325,5
Construction,2011-04-01,2011,2,Q2 2011,1098.4026024308994,0.012847610989918934,7.891490232824765,5
Construction,2011-07-01,2011,3,Q3 2011,1137.422884866998,1.7629578379844357,8.058514295171577,5
Construction,2011-10-01,2011,4,Q4 2011,1105.2016508398485,-0.8619264523486048,7.712546338604581,5
Construction,2012-01-01,2012,1,Q1 2012,1042.1203413073256,-4.697085991381,7.2992076074694,5
Construction,2012-04-01,2012,2,Q2 2012,1073.4527659201378,-2.271465531449446,7.493212217493404,5
Construction,2012-07-01,2012,3,Q3 2012,1115.7499969565158,-1.9054380036512497,7.662735578814388,5
Construction,2012-10-01,2012,4,Q4 2012,1132.0204974206586,2.426602110160636,7.7952477998699905,5
Construction,2013-01-01,2013,1,Q1 2013,1083.5284554514224,3.973448411164382,7.443972119613922,5
Construction,2013-04-01,2013,2,Q2 2013,1149.3124137772738,7.066882704625654,7.825142121238149,5
Construction,2013-07-01,2013,3,Q3 2013,1145.1121480218203,2.6316066453414333,7.617310319912124,5
Construction,2013-10-01,2013,4,Q4 2013,1203.9716386840844,6.355992795834409,7.934453810097085,5
Construction,2014-01-01,2014,1,Q1 2014,1199.2975852301,10.684456803715925,7.9680456611680714,5
Construction,2014-04-01,2014,2,Q2 2014,1181.5689907778294,2.8065978069916397,7.829306642537325,5
Construction,2014-07-01,2014,3,Q3 2014,1280.4236414236098,11.816440305479237,8.472023481467474,5
Construction,2014-10-01,2014,4,Q4 2014,1333.9038889319233,10.791969351524934,8.710939343659666,5
Construction,2015-01-01,2015,1,Q1 2015,1321.5547715688663,10.194065913616424,8.551015914798647,5
Construction,2015-04-01,2015,2,Q2 2015,1400.5971934648687,18.537064225327416,8.94761892403031,5
Construction,2015-07-01,2015,3,Q3 2015,1459.95077098266,14.020916496000279,9.225859140058375,5
Construction,2015-10-01,2015,4,Q4 2015,1438.4617806639342,7.838487660136595,8.98225865450709,5
Construction,2016-01-01,2016,1,Q1 2016,1362.2562642919042,3.0798188314752784,8.692880324654132,5
Construction,2016-04-01,2016,2,Q2 2016,1387.738735384165,-0.9180696734721994,8.929388636177164,5
Construction,2016-07-01,2016,3,Q3 2016,1491.3355467379977,2.149714660187696,9.422058971135227,5
Construction,2016-10-01,2016,4,Q4 2016,1482.7354736475738,3.077849796134635,9.230133895062895,5
Construction,2017-01-01,2017,1,Q1 2017,1505.4943758580728,10.514769894680809,9.292500826670192,5
Construction,2017-04-01,2017,2,Q2 2017,1395.2130870559292,0.5385993401485045,8.667530947851017,5
Construction,2017-07-01,2017,3,Q3 2017,1364.7172043264172,-8.49026516457233,8.429967890079205,5
Construction,2017-10-01,2017,4,Q4 2017,1390.2376244387624,-6.238324424872898,8.600169069080238,5
Construction,2018-01-01,2018,1,Q1 2018,1430.5165523700402,-4.980279215277584,8.741291181919935,5
Construction,2018-04-01,2018,2,Q2 2018,1475.5227195019143,5.756083654250133,9.063313419035081,5
Construction,2018-07-01,2018,3,Q3 2018,1502.1380264120555,10.069545664844526,9.176469936122826,5
Construction,2018-10-01,2018,4,Q4 2018,1481.148573794543,6.539238167466599,8.965915409000342,5
Construction,2019-01-01,2019,1,Q1 2019,1338.6628440529134,-6.421016811371116,8.220672754145316,5
Construction,2019-04-01,2019,2,Q2 2019,1362.758899914381,-7.642296394161829,8.356946584801163,5
Construction,2019-07-01,2019,3,Q3 2019,1338.7826618019587,-10.874857152793115,8.178112691843657,5
Construction,2019-10-01,2019,4,Q4 2019,1350.4196890944938,-8.826183072582372,8.228522640165295,5
Construction,2020-01-01,2020,1,Q1 2020,1343.328043205721,0.34849694779630624,8.205349877161472,5
Construction,2020-04-01,2020,2,Q2 2020,1065.8202089084323,-21.789524986745977,7.547570086181664,5
Construction,2020-07-01,2020,3,Q3 2020,1079.6647563203458,-19.354740158708694,7.355217721213965,5
Construction,2020-10-01,2020,4,Q4 2020,1166.0805835105587,-13.650504881748383,7.766308067699137,5
Construction,2021-01-01,2021,1,Q1 2021,1078.7517002351744,-19.69558696468221,7.200600652513764,5
Construction,2021-04-01,2021,2,Q2 2021,1222.143562390272,14.666953410645078,8.194212690024099,5
Construction,2021-07-01,2021,3,Q3 2021,1157.4845592071085,7.207774675537615,8.107186125465713,5
Construction,2021-10-01,2021,4,Q4 2021,1132.8570745686184,-2.849160633643244,7.790498033727129,5
Construction,2022-01-01,2022,1,Q1 2022,1072.9992628636182,-0.5332494373174179,7.196620212081478,5
Construction,2022-04-01,2022,2,Q2 2022,1176.7807215402524,-3.711744041043663,7.5709344049496226,5
Construction,2022-07-01,2022,3,Q3 2022,1223.252695705744,5.6819882369478325,7.766511957935697,5
Construction,2022-10-01,2022,4,Q4 2022,1211.6661697796496,6.956667083624923,7.610974497857091,5
Construction,2023-01-01,2023,1,Q1 2023,1200.5382788102957,11.886216548397389,7.421259884827657,5
Construction,2023-04-01,2023,2,Q2 2023,1304.3529711171386,10.840783439238422,7.985620722428384,5
Construction,2023-07-01,2023,3,Q3 2023,1357.263930358262,10.955318972356864,8.11067778371187,5
Construction,2023-10-01,2023,4,Q4 2023,1321.6837143883643,9.079856098377492,7.907986250180081,5
Construction,2024-01-01,2024,1,Q1 2024,1215.2898311207991,1.2287448531105527,7.2604823275900605,5
Construction,2024-04-01,2024,2,Q2 2024,1204.4094594205344,-7.662305672597625,7.236851549567184,5
Construction,2024-07-01,2024,3,Q3 2024,1380.8611447214016,1.7385870084170696,8.15032498901007,5
Construction,2024-10-01,2024,4,Q4 2024,1359.0742336703986,2.829006582663207,7.96046862092542,5
Construction,2025-01-01,2025,1,Q1 2025,1239.873738682877,2.02288433034985,7.388577981462707,5
Construction,2025-04-01,2025,2,Q2 2025,1259.375242947312,4.563712373466644,7.495351775734763,5
Construction,2025-07-01,2025,3,Q3 2025,1389.6024864930287,0.6330355376456431,8.153196954912984,5
Construction,2025-10-01,2025,4,Q4 2025,1424.5398674910712,4.8169284796071965,8.334623086768248,5
Construction,2026-01-01,2026,1,Q1 2026,1314.3929314728061,6.010224304701461,7.848063876546181,5
Finance,2008-01-01,2008,1,Q1 2008,1779.790769164657,,12.327349885037094,3
Finance,2008-04-01,2008,2,Q2 2008,1812.5755750457784,,12.432146725957894,3
Finance,2008-07-01,2008,3,Q3 2008,1768.7369015353338,,12.160519759089347,3
Finance,2008-10-01,2008,4,Q4 2008,1768.7444032897606,,11.980476946933468,3
Finance,2009-01-01,2009,1,Q1 2009,1863.7394377689654,4.71677177220724,12.756195369189383,3
Finance,2009-04-01,2009,2,Q2 2009,1853.7301126689679,2.270500507111284,12.91382806504535,3
Finance,2009-07-01,2009,3,Q3 2009,1823.1175468230522,3.074546883740248,13.189246574335604,3
Finance,2009-10-01,2009,4,Q4 2009,1908.9087808788486,7.924512853773025,13.664916652288595,3
Finance,2010-01-01,2010,1,Q1 2010,1779.93052018439,-4.496815160219015,12.90695714715574,3
Finance,2010-04-01,2010,2,Q2 2010,1824.5172875811224,-1.5758941869798537,13.219657462267168,3
Finance,2010-07-01,2010,3,Q3 2010,1687.9095050630112,-7.416309606347282,12.368819168112765,3
Finance,2010-10-01,2010,4,Q4 2010,1700.0517871526447,-10.941172035996793,12.232766886784642,3
Finance,2011-01-01,2011,1,Q1 2011,1738.544931805134,-2.3251238129771923,12.509502796873043,3
Finance,2011-04-01,2011,2,Q2 2011,1814.400696282045,-0.5544804298615147,13.035589447304663,3
Finance,2011-07-01,2011,3,Q3 2011,1871.9861084413935,10.90559670564273,13.262812816537938,3
Finance,2011-10-01,2011,4,Q4 2011,1845.9550174548929,8.582281516648171,12.881824416640807,3
Finance,2012-01-01,2012,1,Q1 2012,1855.1837043843623,6.708988099497781,12.994056896834138,3
Finance,2012-04-01,2012,2,Q2 2012,1859.5159590871117,2.4865104437798102,12.980308165969312,3
Finance,2012-07-01,2012,3,Q3 2012,1942.8293910678901,3.7843914710179227,13.342942360843601,3
Finance,2012-10-01,2012,4,Q4 2012,1949.8208995761956,5.626674601448722,13.426733095552592,3
Finance,2013-01-01,2013,1,Q1 2013,1915.882807754382,3.2718648415555496,13.162347637127333,3
Finance,2013-04-01,2013,2,Q2 2013,1966.6946404107157,5.763794647733,13.390323541109495,3
Finance,2013-07-01,2013,3,Q3 2013,2060.0905127342617,6.0355851216517875,13.7037658274015,3
Finance,2013-10-01,2013,4,Q4 2013,2037.342877752539,4.4887188456830485,13.426564579649083,3
Finance,2014-01-01,2014,1,Q1 2014,2045.4576217618155,6.7631910199825285,13.589871212035643,3
Finance,2014-04-01,2014,2,Q2 2014,2011.528642027597,2.279662571690255,13.328781206684537,3
Finance,2014-07-01,2014,3,Q3 2014,2024.3551133732005,-1.7346519068053623,13.394304432131731,3
Finance,2014-10-01,2014,4,Q4 2014,2038.8666204456665,0.07479068495375163,13.314635040711686,3
Finance,2015-01-01,2015,1,Q1 2015,2194.8972598510013,7.305926874225288,14.201909602318604,3
Finance,2015-04-01,2015,2,Q2 2015,2164.3444891992845,7.5970008071896356,13.826766039543678,3
Finance,2015-07-01,2015,3,Q3 2015,2159.8450046824014,6.6929902967188815,13.648697047604236,3
Finance,2015-10-01,2015,4,Q4 2015,2273.04346988665,11.485638496048157,14.19367872953602,3
Finance,2016-01-01,2016,1,Q1 2016,2226.5919840720167,1.4440185789455606,14.208411557155257,3
Finance,2016-04-01,2016,2,Q2 2016,2220.24198685176,2.5826525274243783,14.286121055393966,3
Finance,2016-07-01,2016,3,Q3 2016,2322.9871229043115,7.553417854902955,14.676322648559124,3
Finance,2016-10-01,2016,4,Q4 2016,2328.670828432923,2.447263296246893,14.496141709678776,3
Finance,2017-01-01,2017,1,Q1 2017,2378.1353006929667,6.806065848840692,14.678782333562351,3
Finance,2017-04-01,2017,2,Q2 2017,2395.2649432793974,7.883057678582817,14.88018799191822,3
Finance,2017-07-01,2017,3,Q3 2017,2463.2961254617676,6.040024982232151,15.215978208209396,3
Finance,2017-10-01,2017,4,Q4 2017,2372.7448465273574,1.8926684508730585,14.678071201073989,3
Finance,2018-01-01,2018,1,Q1 2018,2402.4133071064866,1.0208841526571533,14.680147686473463,3
Finance,2018-04-01,2018,2,Q2 2018,2399.4789853158227,0.1759321885559606,14.738661627417498,3
Finance,2018-07-01,2018,3,Q3 2018,2501.562191660326,1.553449697055198,15.281891438394037,3
Finance,2018-10-01,2018,4,Q4 2018,2610.7711215089557,10.031684415202214,15.803919634977332,3
Finance,2019-01-01,2019,1,Q1 2019,2516.498726447104,4.748784024928021,15.453713837094728,3
Finance,2019-04-01,2019,2,Q2 2019,2495.2393839999563,3.9908829904392595,15.301739911359165,3
Finance,2019-07-01,2019,3,Q3 2019,2491.6751454413265,-0.39523487570929383,15.220693180667604,3
Finance,2019-10-01,2019,4,Q4 2019,2567.6663769421416,-1.6510349839437777,15.64558121129497,3
Finance,2020-01-01,2020,1,Q1 2020,2517.206909284477,0.028141593314967572,15.375666061878151,3
Finance,2020-04-01,2020,2,Q2 2020,2234.281337369782,-10.458236925222364,15.821988403951263,3
Finance,2020-07-01,2020,3,Q3 2020,2434.42494776631,-2.2976589777266576,16.58452349394219,3
Finance,2020-10-01,2020,4,Q4 2020,2311.515894694269,-9.97600329030771,15.3951148792251,3
Finance,2021-01-01,2021,1,Q1 2021,2526.754397461073,0.37928897069925416,16.865928794488845,3
Finance,2021-04-01,2021,2,Q2 2021,2248.440140734049,0.6337072743459737,15.075312999995196,3
Finance,2021-07-01,2021,3,Q3 2021,2386.165550109672,-1.9823736074064735,16.713042162882086,3
Finance,2021-10-01,2021,4,Q4 2021,2404.2174814628816,4.0104239378753626,16.533463913902118,3
Finance,2022-01-01,2022,1,Q1 2022,2331.9927577338,-7.707976680399686,15.640706192048704,3
Finance,2022-04-01,2022,2,Q2 2022,2460.139727609402,9.415397948118809,15.827550676019737,3
Finance,2022-07-01,2022,3,Q3 2022,2380.495519405301,-0.23762101100279764,15.113922889503268,3
Finance,2022-10-01,2022,4,Q4 2022,2483.5280944915166,3.29881192696333,15.600063337019659,3
Finance,2023-01-01,2023,1,Q1 2023,2667.209452971483,14.374688520192592,16.48764963778233,3
Finance,2023-04-01,2023,2,Q2 2023,2599.14370261628,5.6502471565691215,15.912698687997858,3
Finance,2023-07-01,2023,3,Q3 2023,2836.005548673069,19.135092906268692,16.947276563987586,3
Finance,2023-10-01,2023,4,Q4 2023,2963.652425358924,19.332349488307642,17.73232307768651,3
Finance,2024-01-01,2024,1,Q1 2024,2913.8498397079306,9.247132296328298,17.408156247748337,3
Finance,2024-04-01,2024,2,Q2 2024,2904.7909352994816,11.759535741542093,17.453815740873253,3
Finance,2024-07-01,2024,3,Q3 2024,2715.7249866621605,-4.241196286346693,16.029157824219425,3
Finance,2024-10-01,2024,4,Q4 2024,2947.899581520873,-0.5315347948112725,17.26665220703993,3
Finance,2025-01-01,2025,1,Q1 2025,3007.557599023114,3.2159433213818645,17.922449004951986,3
Finance,2025-04-01,2025,2,Q2 2025,2983.4692341906407,2.708570105168251,17.756543609676477,3
Finance,2025-07-01,2025,3,Q3 2025,2929.72369050704,7.879984346570401,17.18953046238541,3
Finance,2025-10-01,2025,4,Q4 2025,2961.744697643811,0.4696603713955083,17.328420423621647,3
Finance,2026-01-01,2026,1,Q1 2026,2939.2136069122053,-2.2724084198123995,17.549650170450516,3
Manufacturing,2008-01-01,2008,1,Q1 2008,2111.2997571693186,,14.62347780971786,4
Manufacturing,2008-04-01,2008,2,Q2 2008,2098.986975978592,,14.39659367614587,4
Manufacturing,2008-07-01,2008,3,Q3 2008,2055.355525300416,,14.131096295708662,4
Manufacturing,2008-10-01,2008,4,Q4 2008,2097.1740190934156,,14.205073917251799,4
Manufacturing,2009-01-01,2009,1,Q1 2009,2031.461682834856,-3.7814656144091963,13.904155047705762,4
Manufacturing,2009-04-01,2009,2,Q2 2009,2031.7603500411974,-3.202812914360853,14.15405816115899,4
Manufacturing,2009-07-01,2009,3,Q3 2009,1865.412337284622,-9.241378714177994,13.495225978230641,4
Manufacturing,2009-10-01,2009,4,Q4 2009,1886.2485974333208,-10.057602265703991,13.502703810475303,4
Manufacturing,2010-01-01,2010,1,Q1 2010,1846.3144271279368,-9.113992022165574,13.38833225279322,4
Manufacturing,2010-04-01,2010,2,Q2 2010,1806.4614056391467,-11.088854273462045,13.088832407291392,4
Manufacturing,2010-07-01,2010,3,Q3 2010,1814.6546786754043,-2.7209886840945274,13.297594157613297,4
Manufacturing,2010-10-01,2010,4,Q4 2010,1888.5846889160332,0.12384854710514315,13.589360288932294,4
Manufacturing,2011-01-01,2011,1,Q1 2011,1905.7981599096424,3.221755293015627,13.712954422703042,4
Manufacturing,2011-04-01,2011,2,Q2 2011,1832.2550509347013,1.4278547670620423,13.163864330342086,4
Manufacturing,2011-07-01,2011,3,Q3 2011,1836.3842252727527,1.1974480242824992,13.010577444569785,4
Manufacturing,2011-10-01,2011,4,Q4 2011,1909.3748189180458,1.1008312268985465,13.324393568793248,4
Manufacturing,2012-01-01,2012,1,Q1 2012,1837.634733714275,-3.5766340648896056,12.871140593273969,4
Manufacturing,2012-04-01,2012,2,Q2 2012,1781.293262399497,-2.7813697939709225,12.434276440015829,4
Manufacturing,2012-07-01,2012,3,Q3 2012,1832.7640309383016,-0.19713708518234174,12.58703668899901,4
Manufacturing,2012-10-01,2012,4,Q4 2012,1814.4799819814725,-4.969942831358054,12.49475704695936,4
Manufacturing,2013-01-01,2013,1,Q1 2013,1856.195368679922,1.010028523357942,12.75228767965596,4
Manufacturing,2013-04-01,2013,2,Q2 2013,1837.8327421719932,3.174069142120617,12.512961863255084,4
Manufacturing,2013-07-01,2013,3,Q3 2013,1778.2233269238577,-2.975871584871803,11.828779323217402,4
Manufacturing,2013-10-01,2013,4,Q4 2013,1766.344917273958,-2.6528297465673645,11.640624835754483,4
Manufacturing,2014-01-01,2014,1,Q1 2014,1804.1720621900051,-2.8026848556849115,11.98678755729802,4
Manufacturing,2014-04-01,2014,2,Q2 2014,1744.632174747144,-5.071221405855608,11.560273146251268,4
Manufacturing,2014-07-01,2014,3,Q3 2014,1740.5051269251198,-2.1211171525899686,11.516188726826055,4
Manufacturing,2014-10-01,2014,4,Q4 2014,1749.4085891183986,-0.9588347094574012,11.424355407862025,4
Manufacturing,2015-01-01,2015,1,Q1 2015,1778.5954019479886,-1.4176397461210022,11.508261265622782,4
Manufacturing,2015-04-01,2015,2,Q2 2015,1756.0316936901934,0.6534052912730237,11.218287803925609,4
Manufacturing,2015-07-01,2015,3,Q3 2015,1774.2859549430705,1.9408634594274332,11.212235795780233,4
Manufacturing,2015-10-01,2015,4,Q4 2015,1738.144213221572,-0.6438962268101811,10.853580617751845,4
Manufacturing,2016-01-01,2016,1,Q1 2016,1644.6823720360915,-7.5291451763133015,10.495108304463969,4
Manufacturing,2016-04-01,2016,2,Q2 2016,1711.508415843439,-2.5354484208192973,11.012680852295514,4
Manufacturing,2016-07-01,2016,3,Q3 2016,1683.1703405429412,-5.135339889620716,10.634045598758531,4
Manufacturing,2016-10-01,2016,4,Q4 2016,1727.3661098743169,-0.6200925829553894,10.752977023414426,4
Manufacturing,2017-01-01,2017,1,Q1 2017,1789.777150156895,8.822054676805369,11.047205432374371,4
Manufacturing,2017-04-01,2017,2,Q2 2017,1799.3583603560028,5.1328958537005365,11.178216732162094,4
Manufacturing,2017-07-01,2017,3,Q3 2017,1749.0216842724385,3.912339835328593,10.803847559572748,4
Manufacturing,2017-10-01,2017,4,Q4 2017,1790.6225706028654,3.6620181655150796,11.076996173450947,4
Manufacturing,2018-01-01,2018,1,Q1 2018,1849.017208535278,3.3099125426419684,11.298574485845386,4
Manufacturing,2018-04-01,2018,2,Q2 2018,1744.0702089878453,-3.072659264895894,10.71285092390497,4
Manufacturing,2018-07-01,2018,3,Q3 2018,1718.579175794909,-1.7405449429972686,10.49869576712432,4
Manufacturing,2018-10-01,2018,4,Q4 2018,1766.1924353711122,-1.3643375009803504,10.691386571020873,4
Manufacturing,2019-01-01,2019,1,Q1 2019,1780.0865505618044,-3.7279619494768212,10.931437345283875,4
Manufacturing,2019-04-01,2019,2,Q2 2019,1789.3882545238948,2.5984071800841946,10.973197139616033,4
Manufacturing,2019-07-01,2019,3,Q3 2019,1759.8880086767444,2.4036619006935656,10.750484653431956,4
Manufacturing,2019-10-01,2019,4,Q4 2019,1720.3909783353508,-2.59323141230291,10.482871532079676,4
Manufacturing,2020-01-01,2020,1,Q1 2020,1705.8407742046122,-4.170908225432068,10.419659187397237,4
Manufacturing,2020-04-01,2020,2,Q2 2020,1455.824590520469,-18.64121233388657,10.309373042751123,4
Manufacturing,2020-07-01,2020,3,Q3 2020,1459.5931165319957,-17.06329554291013,9.943480227201844,4
Manufacturing,2020-10-01,2020,4,Q4 2020,1490.6311042011862,-13.355096430259138,9.92787336846701,4
Manufacturing,2021-01-01,2021,1,Q1 2021,1497.4052300022386,-12.218933170920455,9.995086982371433,4
Manufacturing,2021-04-01,2021,2,Q2 2021,1414.7546294313793,-2.821078951167244,9.485628934692185,4
Manufacturing,2021-07-01,2021,3,Q3 2021,1401.7158569084174,-3.965300943669503,9.817816796413826,4
Manufacturing,2021-10-01,2021,4,Q4 2021,1316.4139965696106,-11.687472986479552,9.052793050484,4
Manufacturing,2022-01-01,2022,1,Q1 2022,1579.4950855607474,5.48214029934877,10.593694377099142,4
Manufacturing,2022-04-01,2022,2,Q2 2022,1506.9732723034313,6.51834890330889,9.695260625691093,4
Manufacturing,2022-07-01,2022,3,Q3 2022,1630.436915253624,16.31721987148429,10.351751394810027,4
Manufacturing,2022-10-01,2022,4,Q4 2022,1656.070637191833,25.801658255481907,10.402462081291889,4
Manufacturing,2023-01-01,2023,1,Q1 2023,1654.357926425607,4.739669122698298,10.22659612877621,4
Manufacturing,2023-04-01,2023,2,Q2 2023,1558.097626534582,3.3925189763323704,9.539117838145087,4
Manufacturing,2023-07-01,2023,3,Q3 2023,1507.8231071163552,-7.520303729028088,9.010382655220159,4
Manufacturing,2023-10-01,2023,4,Q4 2023,1507.2911496648892,-8.983885360060862,9.018525050135857,4
Manufacturing,2024-01-01,2024,1,Q1 2024,1606.1446232459173,-2.9143211640941025,9.595558486551381,4
Manufacturing,2024-04-01,2024,2,Q2 2024,1654.8029195160088,6.20662603770934,9.943099482205508,4
Manufacturing,2024-07-01,2024,3,Q3 2024,1634.6132362134686,8.408819874076201,9.648058501323959,4
Manufacturing,2024-10-01,2024,4,Q4 2024,1675.2760608243273,11.144821701950924,9.81254900077359,4
Manufacturing,2025-01-01,2025,1,Q1 2025,1677.0256382088282,4.4131153531906,9.993626220344845,4
Manufacturing,2025-04-01,2025,2,Q2 2025,1671.6472835560485,1.0179075611593813,9.949047756315323,4
Manufacturing,2025-07-01,2025,3,Q3 2025,1609.6831678286255,-1.525135599818872,9.444473531014278,4
Manufacturing,2025-10-01,2025,4,Q4 2025,1548.4713657269147,-7.569182062747181,9.059714991843142,4
Manufacturing,2026-01-01,2026,1,Q1 2026,1586.645281792054,-5.389324668483086,9.473646139417237,4
Mining,2008-01-01,2008,1,Q1 2008,352.7695281750454,,2.4433846258424525,9
Mining,2008-04-01,2008,2,Q2 2008,372.79711770723577,,2.556951848053838,9
Mining,2008-07-01,2008,3,Q3 2008,339.8367453641967,,2.3364647694513954,9
Mining,2008-10-01,2008,4,Q4 2008,349.3535299867978,,2.366323763089807,9
Mining,2009-01-01,2009,1,Q1 2009,361.40356547994935,2.447500879560005,2.473593891377077,9
Mining,2009-04-01,2009,2,Q2 2009,349.5140289804965,-6.245512001255305,2.434855023246539,9
Mining,2009-07-01,2009,3,Q3 2009,325.7231183244128,-4.153060913015338,2.3564265123926957,9
Mining,2009-10-01,2009,4,Q4 2009,321.8927480479694,-7.860456409261463,2.304268080859543,9
Mining,2010-01-01,2010,1,Q1 2010,324.40661423482567,-10.237018883859427,2.352396467559318,9
Mining,2010-04-01,2010,2,Q2 2010,332.4931350576007,-4.869874314500155,2.4091004146330315,9
Mining,2010-07-01,2010,3,Q3 2010,328.9271508752681,0.9836675294457198,2.4103427562053197,9
Mining,2010-10-01,2010,4,Q4 2010,320.6093553770562,-0.3987019523415736,2.306952962073313,9
Mining,2011-01-01,2011,1,Q1 2011,335.34614726910235,3.3721670749776944,2.4129451534092623,9
Mining,2011-04-01,2011,2,Q2 2011,301.71983086545583,-9.255320169787485,2.167710721965514,9
Mining,2011-07-01,2011,3,Q3 2011,346.5689249410934,5.363428959537364,2.4554021842338964,9
Mining,2011-10-01,2011,4,Q4 2011,352.3091004687861,9.887342512026521,2.4585561022396183,9
Mining,2012-01-01,2012,1,Q1 2012,362.57294066883435,8.119011839394584,2.53952932486906,9
Mining,2012-04-01,2012,2,Q2 2012,384.07371516333615,27.2948198537881,2.6810176900639746,9
Mining,2012-07-01,2012,3,Q3 2012,374.829398275328,8.154358714947696,2.574249226067337,9
Mining,2012-10-01,2012,4,Q4 2012,380.133040614604,7.897593365824251,2.6176480507735413,9
Mining,2013-01-01,2013,1,Q1 2013,393.1767631293826,8.440735374265307,2.7011721271277565,9
Mining,2013-04-01,2013,2,Q2 2013,403.3213063656246,5.011431514937947,2.7460301524647566,9
Mining,2013-07-01,2013,3,Q3 2013,422.0431314097354,12.596059260999294,2.8074398703122894,9
Mining,2013-10-01,2013,4,Q4 2013,425.8416763697255,12.024378538950264,2.8063959340959883,9
Mining,2014-01-01,2014,1,Q1 2014,424.1990614319778,7.890165750305722,2.81834761658937,9
Mining,2014-04-01,2014,2,Q2 2014,418.899669747161,3.8625193203688735,2.7757109339414106,9
Mining,2014-07-01,2014,3,Q3 2014,441.09226080557437,4.513550388134457,2.918521550323427,9
Mining,2014-10-01,2014,4,Q4 2014,427.1746377009835,0.3130180546491834,2.78962554126939,9
Mining,2015-01-01,2015,1,Q1 2015,442.94522250162936,4.41918966212933,2.8660421258961692,9
Mining,2015-04-01,2015,2,Q2 2015,446.0317397261411,6.476985287516812,2.8494431187733826,9
Mining,2015-07-01,2015,3,Q3 2015,445.99377967480575,1.1112230489557007,2.818366119189411,9
Mining,2015-10-01,2015,4,Q4 2015,483.24501128519046,13.1258667148342,3.0175509305922072,9
Mining,2016-01-01,2016,1,Q1 2016,471.1028371338602,6.3569067238618215,3.0062189407059647,9
Mining,2016-04-01,2016,2,Q2 2016,447.1922496888394,0.2601855113294915,2.8774532919934726,9
Mining,2016-07-01,2016,3,Q3 2016,437.7791761462265,-1.8418650445234608,2.765830414896827,9
Mining,2016-10-01,2016,4,Q4 2016,421.2488724101514,-12.829131688325191,2.622304223911845,9
Mining,2017-01-01,2017,1,Q1 2017,446.9530459806946,-5.126224944874114,2.7587692228283083,9
Mining,2017-04-01,2017,2,Q2 2017,433.9338458897854,-2.9648107292287174,2.6957423733074246,9
Mining,2017-07-01,2017,3,Q3 2017,445.9786762476213,1.8729762739230882,2.7548461384592082,9
Mining,2017-10-01,2017,4,Q4 2017,410.8501876029419,-2.4685371257408995,2.541566285745616,9
Mining,2018-01-01,2018,1,Q1 2018,397.0055546797874,-11.175109276034467,2.425935686340779,9
Mining,2018-04-01,2018,2,Q2 2018,435.15198689869004,0.2807204417085263,2.6728960456196886,9
Mining,2018-07-01,2018,3,Q3 2018,406.1588116881175,-8.92864764175284,2.4811995031174257,9
Mining,2018-10-01,2018,4,Q4 2018,437.55076450726034,6.49885961111516,2.6486493057648577,9
Mining,2019-01-01,2019,1,Q1 2019,417.47400075973326,5.155707732214254,2.563690445922264,9
Mining,2019-04-01,2019,2,Q2 2019,381.08203443468875,-12.425532708549847,2.3369373749077242,9
Mining,2019-07-01,2019,3,Q3 2019,418.99876344942453,3.161313109997632,2.559503646858121,9
Mining,2019-10-01,2019,4,Q4 2019,429.509710233391,-1.8377420235854536,2.6171348088060866,9
Mining,2020-01-01,2020,1,Q1 2020,435.76045594805925,4.3802620414798765,2.6617228917163773,9
Mining,2020-04-01,2020,2,Q2 2020,373.2026602988321,-2.0676320119748515,2.6428221302349875,9
Mining,2020-07-01,2020,3,Q3 2020,418.7527293460926,-0.05871952969656036,2.85275357712911,9
Mining,2020-10-01,2020,4,Q4 2020,383.55581143279807,-10.699152476814099,2.554551233308016,9
Mining,2021-01-01,2021,1,Q1 2021,395.2314401479877,-9.300755781498083,2.6381453352083994,9
Mining,2021-04-01,2021,2,Q2 2021,398.3647706516633,6.742210876172039,2.670951072677664,9
Mining,2021-07-01,2021,3,Q3 2021,344.73676354493654,-17.67533931462045,2.4145852176757914,9
Mining,2021-10-01,2021,4,Q4 2021,369.99122510202267,-3.536535212464642,2.544377376776499,9
Mining,2022-01-01,2022,1,Q1 2022,405.95564308489213,2.713398238988507,2.7227498539340584,9
Mining,2022-04-01,2022,2,Q2 2022,407.4043410026377,2.2691691175871442,2.6210758602380735,9
Mining,2022-07-01,2022,3,Q3 2022,406.7168970708632,17.978974127558487,2.582272375678631,9
Mining,2022-10-01,2022,4,Q4 2022,436.3689354185107,17.940347179364814,2.741013095819384,9
Mining,2023-01-01,2023,1,Q1 2023,412.59653531164014,1.6358664646913823,2.550511025072443,9
Mining,2023-04-01,2023,2,Q2 2023,443.5204157790455,8.864921440828244,2.715358420222531,9
Mining,2023-07-01,2023,3,Q3 2023,408.943268276878,0.5474007158416283,2.443745101172987,9
Mining,2023-10-01,2023,4,Q4 2023,445.65333122060906,2.127648200528731,2.666462768114253,9
Mining,2024-01-01,2024,1,Q1 2024,454.2830533468165,10.103458092223171,2.7140143824838465,9
Mining,2024-04-01,2024,2,Q2 2024,456.70172959221503,2.97197453470468,2.744151993857286,9
Mining,2024-07-01,2024,3,Q3 2024,484.0058319482043,18.355251081063063,2.8567715458095173,9
Mining,2024-10-01,2024,4,Q4 2024,465.7064401117902,4.499710309862892,2.7277696914765186,9
Mining,2025-01-01,2025,1,Q1 2025,430.5969459823099,-5.2139535450431485,2.5659863699909486,9
Mining,2025-04-01,2025,2,Q2 2025,433.5146611626194,-5.077070421935814,2.580124473264904,9
Mining,2025-07-01,2025,3,Q3 2025,449.13982701676025,-7.203633227125083,2.635232381603518,9
Mining,2025-10-01,2025,4,Q4 2025,443.8251823641693,-4.698508730600426,2.5967090818851504,9
Mining,2026-01-01,2026,1,Q1 2026,476.02819791174716,10.550760369606449,2.842300513638947,9
Private households,2008-01-01,2008,1,Q1 2008,1232.6325208253047,,8.537572296220306,7
Private households,2008-04-01,2008,2,Q2 2008,1255.4274226529772,,8.610762572930941,7
Private households,2008-07-01,2008,3,Q3 2008,1348.4884701450246,,9.271204028065647,7
Private households,2008-10-01,2008,4,Q4 2008,1375.791696966285,,9.318836954977956,7
Private households,2009-01-01,2009,1,Q1 2009,1392.696477725851,12.98553739222912,9.532184596104,7
Private households,2009-04-01,2009,2,Q2 2009,1286.0156796612,2.436481508710675,8.958901440181146,7
Private households,2009-07-01,2009,3,Q3 2009,1254.4342146347158,-6.974791226816624,9.075137363979374,7
Private households,2009-10-01,2009,4,Q4 2009,1232.1521068490542,-10.440504215424895,8.820356431742306,7
Private households,2010-01-01,2010,1,Q1 2010,1270.8585436057028,-8.748347975942227,9.215481490095646,7
Private households,2010-04-01,2010,2,Q2 2010,1251.499259092362,-2.68398131645885,9.067818448251657,7
Private households,2010-07-01,2010,3,Q3 2010,1215.3164806952166,-3.1183567446691596,8.905708355013488,7
Private households,2010-10-01,2010,4,Q4 2010,1212.0931026795658,-1.6279649288418407,8.721647471099853,7
Private households,2011-01-01,2011,1,Q1 2011,1213.6162603923162,-4.504221457328972,8.73243810152497,7
Private households,2011-04-01,2011,2,Q2 2011,1216.18670603875,-2.8216199727694846,8.73771191979664,7
Private households,2011-07-01,2011,3,Q3 2011,1200.893054803397,-1.186804105838235,8.508193371049542,7
Private households,2011-10-01,2011,4,Q4 2011,1223.6549597278668,0.9538753271296718,8.539161674426465,7
Private households,2012-01-01,2012,1,Q1 2012,1257.184783547691,3.5899752316511213,8.805559561916183,7
Private households,2012-04-01,2012,2,Q2 2012,1255.3078863450246,3.21670843070605,8.76264768167374,7
Private households,2012-07-01,2012,3,Q3 2012,1225.2851871159787,2.031166073866175,8.415000155159108,7
Private households,2012-10-01,2012,4,Q4 2012,1189.139889304355,-2.820653824766728,8.188579735931073,7
Private households,2013-01-01,2013,1,Q1 2013,1218.9893602860755,-3.0381709802301815,8.37460499207201,7
Private households,2013-04-01,2013,2,Q2 2013,1215.4474209417056,-3.175353699033745,8.275425111352158,7
Private households,2013-07-01,2013,3,Q3 2013,1263.898419328202,3.1513669322249305,8.407479118530738,7
Private households,2013-10-01,2013,4,Q4 2013,1244.254478153325,4.634828025255455,8.199927114316763,7
Private households,2014-01-01,2014,1,Q1 2014,1230.5519334333724,0.9485376594741801,8.17569727046064,7
Private households,2014-04-01,2014,2,Q2 2014,1290.2691171924578,6.155897405482325,8.549574886224432,7
Private households,2014-07-01,2014,3,Q3 2014,1180.43596309983,-6.603573115688732,7.810447163121265,7
Private households,2014-10-01,2014,4,Q4 2014,1218.6454968812916,-2.0581787505431604,7.958254783451417,7
Private households,2015-01-01,2015,1,Q1 2015,1288.0790472831152,4.674903373580985,8.334413881129585,7
Private households,2015-04-01,2015,2,Q2 2015,1291.7544127675872,0.11511517677500471,8.25228429901808,7
Private households,2015-07-01,2015,3,Q3 2015,1280.397615660626,8.468197825682665,8.091209840863762,7
Private households,2015-10-01,2015,4,Q4 2015,1293.6124443860508,6.151661635529915,8.077768718193937,7
Private households,2016-01-01,2016,1,Q1 2016,1257.0343924987271,-2.4101513684171127,8.021434604043232,7
Private households,2016-04-01,2016,2,Q2 2016,1296.096703367273,0.3361545009459288,8.339719054704187,7
Private households,2016-07-01,2016,3,Q3 2016,1281.4760404078513,0.08422576971678364,8.096194615108217,7
Private households,2016-10-01,2016,4,Q4 2016,1298.5266182755188,0.3798799177291645,8.083420654596864,7
Private households,2017-01-01,2017,1,Q1 2017,1319.3520884411732,4.957517178075865,8.143557736986484,7
Private households,2017-04-01,2017,2,Q2 2017,1311.3572928793526,1.177426767033074,8.146590671469445,7
Private households,2017-07-01,2017,3,Q3 2017,1312.5547413903225,2.4252268479853845,8.1077561628256,7
Private households,2017-10-01,2017,4,Q4 2017,1269.5302469722624,-2.2330209404382018,7.853459416105432,7
Private households,2018-01-01,2018,1,Q1 2018,1274.720786018892,-3.382819704709261,7.789288105597985,7
Private households,2018-04-01,2018,2,Q2 2018,1296.2703914746826,-1.1504798491297263,7.962266306354293,7
Private households,2018-07-01,2018,3,Q3 2018,1266.6504423919998,-3.497324534418933,7.737890593150075,7
Private households,2018-10-01,2018,4,Q4 2018,1331.8417307196075,4.908231520749795,8.062108357716333,7
Private households,2019-01-01,2019,1,Q1 2019,1300.6837710996808,2.036758587884502,7.987444849418324,7
Private households,2019-04-01,2019,2,Q2 2019,1251.4154663578397,-3.460306230231358,7.674147061819634,7
Private households,2019-07-01,2019,3,Q3 2019,1286.1892962005638,1.5425608482531272,7.856839879606439,7
Private households,2019-10-01,2019,4,Q4 2019,1285.8890428484538,-3.4503114605310525,7.835317558879722,7
Private households,2020-01-01,2020,1,Q1 2020,1315.7276169352806,1.156610558989346,8.036760264629219,7
Private households,2020-04-01,2020,2,Q2 2020,1005.1591300473217,-19.678223813809048,7.118000689410206,7
Private households,2020-07-01,2020,3,Q3 2020,1120.7013689986063,-12.86652965397963,7.634779704711906,7
Private households,2020-10-01,2020,4,Q4 2020,1196.7317787969305,-6.93351145243647,7.9704505846086615,7
Private households,2021-01-01,2021,1,Q1 2021,1126.8971135097586,-14.35179295433231,7.521968298251831,7
Private households,2021-04-01,2021,2,Q2 2021,1194.2743413450387,18.814454910120926,8.007355489464699,7
Private households,2021-07-01,2021,3,Q3 2021,1129.751337903556,0.8075272463561101,7.912938707495274,7
Private households,2021-10-01,2021,4,Q4 2021,1258.442525178286,5.156606306836187,8.654131432858177,7
Private households,2022-01-01,2022,1,Q1 2022,1072.1099233303044,-4.8617739386001,7.190655400098506,7
Private households,2022-04-01,2022,2,Q2 2022,1123.8790196344044,-5.894401250499303,7.230586107507128,7
Private households,2022-07-01,2022,3,Q3 2022,1087.5336527351387,-3.7369006569852203,6.904822812388659,7
Private households,2022-10-01,2022,4,Q4 2022,1141.6528413835952,-9.280494059762079,7.171191932144811,7
Private households,2023-01-01,2023,1,Q1 2023,1056.1990254739662,-1.4840733687935592,6.529010858289003,7
Private households,2023-04-01,2023,2,Q2 2023,1093.400688537072,-2.7118871840179803,6.694110712088045,7
Private households,2023-07-01,2023,3,Q3 2023,1115.525196918544,2.5738554492549914,6.666106148882797,7
Private households,2023-10-01,2023,4,Q4 2023,1134.0234598938546,-0.6682750844376084,6.785164885210296,7
Private households,2024-01-01,2024,1,Q1 2024,1178.1616581652884,11.547315396981329,7.038668208277811,7
Private households,2024-04-01,2024,2,Q2 2024,1160.2225320680616,6.111377487826042,6.971348625142126,7
Private households,2024-07-01,2024,3,Q3 2024,1127.8247242943216,1.1025772801684042,6.656815617397925,7
Private households,2024-10-01,2024,4,Q4 2024,1146.271004222037,1.080008021115253,6.714022040976421,7
Private households,2025-01-01,2025,1,Q1 2025,1077.9447114375796,-8.506213560180974,6.423620657231252,7
Private households,2025-04-01,2025,2,Q2 2025,1106.1263642663123,-4.66256828380367,6.5832691685979094,7
Private households,2025-07-01,2025,3,Q3 2025,1111.2539547270658,-1.469268159343129,6.520046162756472,7
Private households,2025-10-01,2025,4,Q4 2025,1128.836078773108,-1.5210125166484345,6.604534880367788,7
Private households,2026-01-01,2026,1,Q1 2026,1100.7971767127683,2.1200034688896086,6.572712277357706,7
Trade,2008-01-01,2008,1,Q1 2008,3318.5785529155437,,22.98544281245527,2
Trade,2008-04-01,2008,2,Q2 2008,3270.559903132617,,22.43221256622771,2
Trade,2008-07-01,2008,3,Q3 2008,3339.4150944634353,,22.95933510788042,2
Trade,2008-10-01,2008,4,Q4 2008,3334.5780716145036,,22.586551024796503,2
Trade,2009-01-01,2009,1,Q1 2009,3206.766799116213,-3.369266449971431,21.948424207798162,2
Trade,2009-04-01,2009,2,Q2 2009,3155.505997044927,-3.517865732331904,21.982521417525575,2
Trade,2009-07-01,2009,3,Q3 2009,3038.2444619892062,-9.018664165876034,21.980017378536356,2
Trade,2009-10-01,2009,4,Q4 2009,3079.1563175103024,-7.659792292118494,22.042129440451557,2
Trade,2010-01-01,2010,1,Q1 2010,3021.2700707166923,-5.784540629853208,21.9083851254401,2
Trade,2010-04-01,2010,2,Q2 2010,3054.9926089004275,-3.18533345329175,22.13514561594743,2
Trade,2010-07-01,2010,3,Q3 2010,3089.990378599097,1.703151844997075,22.64311689072084,2
Trade,2010-10-01,2010,4,Q4 2010,3126.189611064714,1.5274733954540265,22.49457872109452,2
Trade,2011-01-01,2011,1,Q1 2011,3118.731639017973,3.225847607796317,22.440479648969273,2
Trade,2011-04-01,2011,2,Q2 2011,3102.874781461331,1.567341682641188,22.29265114393318,2
Trade,2011-07-01,2011,3,Q3 2011,3170.598130340168,2.608673227572189,22.463334171949764,2
Trade,2011-10-01,2011,4,Q4 2011,3197.945585312044,2.2953174047204206,22.316564127743163,2
Trade,2012-01-01,2012,1,Q1 2012,3207.534417655892,2.847400447249804,22.466176596460265,2
Trade,2012-04-01,2012,2,Q2 2012,3136.4251466541587,1.081267133088315,21.893743231466008,2
Trade,2012-07-01,2012,3,Q3 2012,3128.187021110074,-1.3376374894141452,21.48372847791257,2
Trade,2012-10-01,2012,4,Q4 2012,3107.881740593719,-2.816303227046213,21.401298259016123,2
Trade,2013-01-01,2013,1,Q1 2013,3032.302225440677,-5.463143006374249,20.83228466299899,2
Trade,2013-04-01,2013,2,Q2 2013,3086.625562274472,-1.5877816957567514,21.015420533450392,2
Trade,2013-07-01,2013,3,Q3 2013,3184.735450995116,1.8077061730463528,21.184927833455163,2
Trade,2013-10-01,2013,4,Q4 2013,3224.4006811305508,3.749143315683967,21.249552271545657,2
Trade,2014-01-01,2014,1,Q1 2014,3186.3388093782964,5.079855914271003,21.16980258924394,2
Trade,2014-04-01,2014,2,Q2 2014,3178.6649788546606,2.9818782590644632,21.06245426851001,2
Trade,2014-07-01,2014,3,Q3 2014,3196.573929537335,0.3717256495675336,21.150382197861614,2
Trade,2014-10-01,2014,4,Q4 2014,3246.8113828573673,0.6950346418782782,21.203009640387755,2
Trade,2015-01-01,2015,1,Q1 2015,3045.8961003444892,-4.40765145942561,19.708230479126705,2
Trade,2015-04-01,2015,2,Q2 2015,3118.708414662627,-1.8862184153058181,19.923654395261956,2
Trade,2015-07-01,2015,3,Q3 2015,3199.886190285245,0.10361908783975693,20.221023778712286,2
Trade,2015-10-01,2015,4,Q4 2015,3280.1710000152925,1.0274578108866672,20.482535406364068,2
Trade,2016-01-01,2016,1,Q1 2016,3157.823355348614,3.6746905119799056,20.150819808277387,2
Trade,2016-04-01,2016,2,Q2 2016,3136.2235434682325,0.5616148250108255,20.179993651185406,2
Trade,2016-07-01,2016,3,Q3 2016,3197.6728069019587,-0.06917069082038596,20.202470076520516,2
Trade,2016-10-01,2016,4,Q4 2016,3222.1155553237527,-1.7698907981098855,20.05789874834552,2
Trade,2017-01-01,2017,1,Q1 2017,3207.191413955845,1.5633571942399227,19.796041315988166,2
Trade,2017-04-01,2017,2,Q2 2017,3264.957416269212,4.104741610944518,20.28300889052274,2
Trade,2017-07-01,2017,3,Q3 2017,3285.633952034472,2.7507862887864887,20.295625076314195,2
Trade,2017-10-01,2017,4,Q4 2017,3240.3030148348353,0.564457084136305,20.044885329498932,2
Trade,2018-01-01,2018,1,Q1 2018,3275.858947138349,2.1410487968913428,20.017410410520526,2
Trade,2018-04-01,2018,2,Q2 2018,3219.0194872366533,-1.4069993318642116,19.77264201303241,2
Trade,2018-07-01,2018,3,Q3 2018,3305.203987923235,0.5956243505654601,20.19129034392137,2
Trade,2018-10-01,2018,4,Q4 2018,3319.557426137608,2.445895057959957,20.094453456360174,2
Trade,2019-01-01,2019,1,Q1 2019,3344.568585892481,2.0974541292186677,20.538856345018463,2
Trade,2019-04-01,2019,2,Q2 2019,3428.6211111745934,6.511349955134049,21.025585294220335,2
Trade,2019-07-01,2019,3,Q3 2019,3408.0938549969355,3.1129657185954507,20.818745570718917,2
Trade,2019-10-01,2019,4,Q4 2019,3249.340268738906,-2.1152565955276037,19.799229960018724,2
Trade,2020-01-01,2020,1,Q1 2020,3319.8576707956763,-0.7388371463224463,20.278437474028948,2
Trade,2020-04-01,2020,2,Q2 2020,2946.4628373851656,-14.06274587232672,20.865277826051067,2
Trade,2020-07-01,2020,3,Q3 2020,3008.3788592311394,-11.728403405901966,20.49458534976664,2
Trade,2020-10-01,2020,4,Q4 2020,3063.1133266272277,-5.731223162539223,20.400890021891335,2
Trade,2021-01-01,2021,1,Q1 2021,2979.1899533489495,-10.261515740374449,19.885908052214646,2
Trade,2021-04-01,2021,2,Q2 2021,3086.9562923472145,4.768207261243784,20.69738548131686,2
Trade,2021-07-01,2021,3,Q3 2021,2777.5316668059904,-7.673474759231203,19.45422598777151,2
Trade,2021-10-01,2021,4,Q4 2021,2895.5717342363473,-5.469650467531317,19.91243768387462,2
Trade,2022-01-01,2022,1,Q1 2022,2993.8570787886692,0.4923192434652224,20.079838925324843,2
Trade,2022-04-01,2022,2,Q2 2022,3163.1501945858486,2.4682533545267393,20.350437594582857,2
Trade,2022-07-01,2022,3,Q3 2022,3245.2793290812615,16.840407901205158,20.604492272636815,2
Trade,2022-10-01,2022,4,Q4 2022,3297.1439581952413,13.868495095832989,20.710719839732082,2
Trade,2023-01-01,2023,1,Q1 2023,3269.1188393048924,9.19421847042865,20.20841894763222,2
Trade,2023-04-01,2023,2,Q2 2023,3360.8644203035597,6.250548142042867,20.576170066191462,2
Trade,2023-07-01,2023,3,Q3 2023,3390.3306699593354,4.469610353052045,20.259788114326334,2
Trade,2023-10-01,2023,4,Q4 2023,3362.248277059619,1.9745670704658602,20.11722839225839,2
Trade,2024-01-01,2024,1,Q1 2024,3471.129157472767,6.179350708793074,20.737499203273206,2
Trade,2024-04-01,2024,2,Q2 2024,3360.1078368820995,-0.022511572227956744,20.189646814757058,2
Trade,2024-07-01,2024,3,Q3 2024,3468.945900571936,2.318807168551018,20.47493085531042,2
Trade,2024-10-01,2024,4,Q4 2024,3421.1287965687884,1.75122461690016,20.03848484396688,2
Trade,2025-01-01,2025,1,Q1 2025,3227.5269190546333,-7.01795373686106,19.233276409288113,2
Trade,2025-04-01,2025,2,Q2 2025,3315.4002565526634,-1.3305400451350091,19.73207853607389,2
Trade,2025-07-01,2025,3,Q3 2025,3423.818646228941,-1.3008924219762186,20.088527497570897,2
Trade,2025-10-01,2025,4,Q4 2025,3325.7358561397696,-2.7883469492494095,19.458040788914055,2
Trade,2026-01-01,2026,1,Q1 2026,3319.562727456506,2.8515891798922777,19.820663747855463,2
Transport,2008-01-01,2008,1,Q1 2008,807.583669757875,,5.593560002123237,6
Transport,2008-04-01,2008,2,Q2 2008,832.4111482129717,,5.709366093960183,6
Transport,2008-07-01,2008,3,Q3 2008,822.7213395747343,,5.65642018179104,6
Transport,2008-10-01,2008,4,Q4 2008,830.0421527626353,,5.622237366608745,6
Transport,2009-01-01,2009,1,Q1 2009,819.158834551644,1.4333084270066188,5.606658270024538,6
Transport,2009-04-01,2009,2,Q2 2009,779.5445468895764,-6.351020338553837,5.43062022824969,6
Transport,2009-07-01,2009,3,Q3 2009,798.1907906188869,-2.9816351875019187,5.7744686672461505,6
Transport,2009-10-01,2009,4,Q4 2009,801.1470994969937,-3.4811549232132255,5.735008634518918,6
Transport,2010-01-01,2010,1,Q1 2010,838.0512353950168,2.3063171690888673,6.077030119829546,6
Transport,2010-04-01,2010,2,Q2 2010,809.8302017748205,3.885044800337001,5.867676860576654,6
Transport,2010-07-01,2010,3,Q3 2010,811.224119373887,1.6328588237524588,5.944563027371871,6
Transport,2010-10-01,2010,4,Q4 2010,804.5852197722998,0.4291496876746681,5.789413892215278,6
Transport,2011-01-01,2011,1,Q1 2011,775.5117323283922,-7.462491602574451,5.58010667834569,6
Transport,2011-04-01,2011,2,Q2 2011,822.1414371598026,1.5202242838067592,5.906687681719376,6
Transport,2011-07-01,2011,3,Q3 2011,807.6401105682245,-0.44180254507578676,5.722040116266021,6
Transport,2011-10-01,2011,4,Q4 2011,838.9020551113713,4.265158555706905,5.854199519771278,6
Transport,2012-01-01,2012,1,Q1 2012,832.6110555457958,7.36279295813731,5.831765017732007,6
Transport,2012-04-01,2012,2,Q2 2012,834.3733961182012,1.4878168652653567,5.824324203389786,6
Transport,2012-07-01,2012,3,Q3 2012,895.1456446111602,10.834718694366252,6.1476714298839505,6
Transport,2012-10-01,2012,4,Q4 2012,877.2356285278748,4.569493325584295,6.040764384417666,6
Transport,2013-01-01,2013,1,Q1 2013,871.8334399693352,4.710769111494484,5.989601645833094,6
Transport,2013-04-01,2013,2,Q2 2013,897.0423407777008,7.510899191064535,6.1075506722178,6
Transport,2013-07-01,2013,3,Q3 2013,926.1373869921741,3.4622011029810107,6.160685560605465,6
Transport,2013-10-01,2013,4,Q4 2013,961.292687475911,9.582038874674502,6.3351429399933545,6
Transport,2014-01-01,2014,1,Q1 2014,894.9997622510168,2.657195883940444,5.946313125430353,6
Transport,2014-04-01,2014,2,Q2 2014,947.470973396211,5.621655782132917,6.278127509709734,6
Transport,2014-07-01,2014,3,Q3 2014,932.5562840369603,0.6930825960533626,6.17033181874636,6
Transport,2014-10-01,2014,4,Q4 2014,951.6010759377845,-1.008185297193298,6.214345216800225,6
Transport,2015-01-01,2015,1,Q1 2015,898.5460004502157,0.3962278370085448,5.813971025133618,6
Transport,2015-04-01,2015,2,Q2 2015,922.2036899095386,-2.6668134640686403,5.891434900874048,6
Transport,2015-07-01,2015,3,Q3 2015,898.2812453920291,-3.6753855216713927,5.6765038951039415,6
Transport,2015-10-01,2015,4,Q4 2015,899.894529011872,-5.43363687088696,5.619256298648166,6
Transport,2016-01-01,2016,1,Q1 2016,901.2127764461476,0.2967879212188995,5.750852477648758,6
Transport,2016-04-01,2016,2,Q2 2016,861.8966958416203,-6.539444021725183,5.5458641927122425,6
Transport,2016-07-01,2016,3,Q3 2016,915.2907736051862,1.8935637697449437,5.782684965504362,6
Transport,2016-10-01,2016,4,Q4 2016,961.3069145690608,6.824398146371946,5.984203988789984,6
Transport,2017-01-01,2017,1,Q1 2017,964.6005841463442,7.03361174595869,5.953892534787837,6
Transport,2017-04-01,2017,2,Q2 2017,953.898358502377,10.674325949343565,5.92593605960937,6
Transport,2017-07-01,2017,3,Q3 2017,987.8694499161633,7.929575868562622,6.1021490137172885,6
Transport,2017-10-01,2017,4,Q4 2017,1001.2574918143904,4.155860801567091,6.193893446642423,6
Transport,2018-01-01,2018,1,Q1 2018,960.3958753425685,-0.4359015402729427,5.868579417956054,6
Transport,2018-04-01,2018,2,Q2 2018,1014.1730258453376,6.318772519704496,6.229499466785768,6
Transport,2018-07-01,2018,3,Q3 2018,995.8588232219106,0.8087478873271436,6.083641044456004,6
Transport,2018-10-01,2018,4,Q4 2018,965.4681918898408,-3.574435169488255,5.844319936377685,6
Transport,2019-01-01,2019,1,Q1 2019,1024.6879354650175,6.694329054622017,6.292565921285645,6
Transport,2019-04-01,2019,2,Q2 2019,982.5021087643399,-3.1228317332339994,6.025069909955424,6
Transport,2019-07-01,2019,3,Q3 2019,974.7214940554761,-2.1225226581864987,5.954201864863318,6
Transport,2019-10-01,2019,4,Q4 2019,1011.1973215952737,4.736471909646367,6.1615363887359536,6
Transport,2020-01-01,2020,1,Q1 2020,994.5080165508807,-2.945279032727244,6.074678685310658,6
Transport,2020-04-01,2020,2,Q2 2020,884.6829888613543,-9.956123150311559,6.264852933612748,6
Transport,2020-07-01,2020,3,Q3 2020,877.861636056596,-9.937182937854383,5.980433671191868,6
Transport,2020-10-01,2020,4,Q4 2020,942.8050733846135,-6.763491827961332,6.279252695942262,6
Transport,2021-01-01,2021,1,Q1 2021,902.7151656644634,-9.229975963871084,6.025567708955218,6
Transport,2021-04-01,2021,2,Q2 2021,968.5474027697653,9.47960059866757,6.493904368439083,6
Transport,2021-07-01,2021,3,Q3 2021,964.0339539601941,9.816161723468063,6.752230631376823,6
Transport,2021-10-01,2021,4,Q4 2021,950.5347021196849,0.8198543848859874,6.536692839802953,6
Transport,2022-01-01,2022,1,Q1 2022,960.3352144678557,6.382971173524021,6.440980953116837,6
Transport,2022-04-01,2022,2,Q2 2022,906.1197113850308,-6.445496751755197,5.8296102004024,6
Transport,2022-07-01,2022,3,Q3 2022,938.8429934681208,-2.6130781378177037,5.960776020352462,6
Transport,2022-10-01,2022,4,Q4 2022,982.3407159282932,3.3461181099102566,6.170486825176101,6
Transport,2023-01-01,2023,1,Q1 2023,992.2913315149518,3.32760025516754,6.1339583940061715,6
Transport,2023-04-01,2023,2,Q2 2023,985.7876939287435,8.792213825912443,6.035273281748288,6
Transport,2023-07-01,2023,3,Q3 2023,965.9186341223943,2.8839370206359183,5.772093865768537,6
Transport,2023-10-01,2023,4,Q4 2023,1022.7797530473682,4.11659991929183,6.119564110543732,6
Transport,2024-01-01,2024,1,Q1 2024,1061.7590793662628,7.000741178022096,6.343246552789418,6
Transport,2024-04-01,2024,2,Q2 2024,1064.4525775715358,7.979901162012126,6.395902344660725,6
Transport,2024-07-01,2024,3,Q3 2024,1046.5355772388032,8.346142238953181,6.177018666694691,6
Transport,2024-10-01,2024,4,Q4 2024,1064.0022007979119,4.030432517628713,6.232151211617695,6
Transport,2025-01-01,2025,1,Q1 2025,1130.5500915441028,6.478966228280303,6.737103345859231,6
Transport,2025-04-01,2025,2,Q2 2025,1115.4191509919397,4.7880548644712695,6.638576517122918,6
Transport,2025-07-01,2025,3,Q3 2025,1112.9030384145376,6.341634495679482,6.529721810454127,6
Transport,2025-10-01,2025,4,Q4 2025,1140.4622896561355,7.18608371306797,6.6725569047762585,6
Transport,2026-01-01,2026,1,Q1 2026,1110.5933565123414,-1.7652234236259723,6.63120395284704,6
Utilities,2008-01-01,2008,1,Q1 2008,102.4347424244844,,0.7094928977763729,10
Utilities,2008-04-01,2008,2,Q2 2008,108.83158601693493,,0.746457286751793,10
Utilities,2008-07-01,2008,3,Q3 2008,107.49613172598588,,0.7390634710819983,10
Utilities,2008-10-01,2008,4,Q4 2008,94.34862124446697,,0.639064344001273,10
Utilities,2009-01-01,2009,1,Q1 2009,112.41541138784298,9.743441265268382,0.769417076824708,10
Utilities,2009-04-01,2009,2,Q2 2009,103.55568043160292,-4.847770558550025,0.7214104378587669,10
Utilities,2009-07-01,2009,3,Q3 2009,93.33013305416685,-13.178147384809169,0.6751918656106435,10
Utilities,2009-10-01,2009,4,Q4 2009,109.14405252269792,15.68166135665563,0.7813073080050609,10
Utilities,2010-01-01,2010,1,Q1 2010,78.18371342202884,-30.451072093408783,0.566940016646882,10
Utilities,2010-04-01,2010,2,Q2 2010,102.70509994335423,-0.8213750174820178,0.7441564133815807,10
Utilities,2010-07-01,2010,3,Q3 2010,101.34976639536923,8.592758928724509,0.7426801789518903,10
Utilities,2010-10-01,2010,4,Q4 2010,96.22526394705717,-11.83645675329319,0.6923913914735254,10
Utilities,2011-01-01,2011,1,Q1 2011,99.68141181550268,27.49638953247353,0.7172462886004095,10
Utilities,2011-04-01,2011,2,Q2 2011,96.86773334522826,-5.683619023150255,0.6959477061306699,10
Utilities,2011-07-01,2011,3,Q3 2011,80.20392336071703,-20.864224740451277,0.5682358527600403,10
Utilities,2011-10-01,2011,4,Q4 2011,85.8687259080883,-10.762805539995203,0.5992268714942716,10
Utilities,2012-01-01,2012,1,Q1 2012,94.50332257136634,-5.194638749419312,0.6619191121235655,10
Utilities,2012-04-01,2012,2,Q2 2012,102.55648090182119,5.872696056919935,0.7158931441365612,10
Utilities,2012-07-01,2012,3,Q3 2012,107.47985382745132,34.008224690032726,0.7381489600501239,10
Utilities,2012-10-01,2012,4,Q4 2012,102.16069822850054,18.973115238545347,0.7034925250147398,10
Utilities,2013-01-01,2013,1,Q1 2013,124.21252417726056,31.43720326177806,0.8533551308508777,10
Utilities,2013-04-01,2013,2,Q2 2013,122.847646334064,19.7853565701692,0.8364133896929634,10
Utilities,2013-07-01,2013,3,Q3 2013,139.4472427857135,29.742679971990647,0.9276060195412985,10
Utilities,2013-10-01,2013,4,Q4 2013,126.75293540863822,24.07211149353421,0.83533139733531,10
Utilities,2014-01-01,2014,1,Q1 2014,129.59238207301078,4.331171861601302,0.8610023320435287,10
Utilities,2014-04-01,2014,2,Q2 2014,118.16927068650557,-3.80827454751258,0.783012640946678,10
Utilities,2014-07-01,2014,3,Q3 2014,118.3685743779161,-15.115873205315856,0.7831949591953571,10
Utilities,2014-10-01,2014,4,Q4 2014,103.51600238129718,-18.332461455371895,0.6760019408621946,10
Utilities,2015-01-01,2015,1,Q1 2015,143.01621537935253,10.358504945745128,0.9253751415322156,10
Utilities,2015-04-01,2015,2,Q2 2015,136.13369077076885,15.202277190930257,0.8696807286363986,10
Utilities,2015-07-01,2015,3,Q3 2015,126.98914369663126,7.282819248284778,0.8024818201734195,10
Utilities,2015-10-01,2015,4,Q4 2015,123.3025075927481,19.114441010355176,0.7699439990933896,10
Utilities,2016-01-01,2016,1,Q1 2016,110.44288588106,-22.775969432481013,0.7047622498344885,10
Utilities,2016-04-01,2016,2,Q2 2016,111.10937648797695,-18.382161051469282,0.7149319814221513,10
Utilities,2016-07-01,2016,3,Q3 2016,118.16665398062547,-6.947436181696087,0.7465611509512186,10
Utilities,2016-10-01,2016,4,Q4 2016,131.25469894574687,6.449334655272221,0.8170698463462883,10
Utilities,2017-01-01,2017,1,Q1 2017,145.37948877569258,31.633185438722688,0.8973391341027301,10
Utilities,2017-04-01,2017,2,Q2 2017,147.695402621934,32.92793757862189,0.9175333036634656,10
Utilities,2017-07-01,2017,3,Q3 2017,153.0588662923549,29.52796845500114,0.9454569225375317,10
Utilities,2017-10-01,2017,4,Q4 2017,149.39793692314194,13.822924530034886,0.9241927376476359,10
Utilities,2018-01-01,2018,1,Q1 2018,143.14684910914406,-1.5357322311081223,0.8747108083190541,10
Utilities,2018-04-01,2018,2,Q2 2018,160.66752595119715,8.78302445369188,0.9868910350958261,10
Utilities,2018-07-01,2018,3,Q3 2018,155.91099821459144,1.863421565392187,0.952450815218651,10
Utilities,2018-10-01,2018,4,Q4 2018,133.70487960491897,-10.504199483220633,0.8093628563116504,10
Utilities,2019-01-01,2019,1,Q1 2019,149.94463100341244,4.748816992182148,0.9208037320197726,10
Utilities,2019-04-01,2019,2,Q2 2019,151.3385190583317,-5.806404771365637,0.9280643260321771,10
Utilities,2019-07-01,2019,3,Q3 2019,133.29601505154096,-14.505059567333323,0.814254519100163,10
Utilities,2019-10-01,2019,4,Q4 2019,119.71213844158882,-10.46539303926448,0.7294428905503672,10
Utilities,2020-01-01,2020,1,Q1 2020,115.546621134833,-22.94047451942217,0.7057847547592142,10
Utilities,2020-04-01,2020,2,Q2 2020,112.9263257891539,-25.381636815391506,0.7996839911128466,10
Utilities,2020-07-01,2020,3,Q3 2020,90.40825299111049,-32.17482686473955,0.6159063548675365,10
Utilities,2020-10-01,2020,4,Q4 2020,99.11206525070084,-17.20800702339753,0.6601043211314833,10
Utilities,2021-01-01,2021,1,Q1 2021,115.00814586665395,-0.46602424449149193,0.7676722363369528,10
Utilities,2021-04-01,2021,2,Q2 2021,118.21299258407304,4.681518466110313,0.792592976608757,10
Utilities,2021-07-01,2021,3,Q3 2021,95.54647798887899,5.683358352554091,0.6692210920024493,10
Utilities,2021-10-01,2021,4,Q4 2021,81.5449013304697,-17.72454632621725,0.5607727644878804,10
Utilities,2022-01-01,2022,1,Q1 2022,102.98744765089474,-10.452040701270493,0.6907381701056362,10
Utilities,2022-04-01,2022,2,Q2 2022,103.80647485456367,-12.186915680409193,0.6678491562168843,10
Utilities,2022-07-01,2022,3,Q3 2022,116.4431588298839,21.87069715268537,0.7393052871633679,10
Utilities,2022-10-01,2022,4,Q4 2022,124.10033124904308,52.18649998252227,0.7795253180039293,10
Utilities,2023-01-01,2023,1,Q1 2023,134.89823652352018,30.985124498663307,0.8338883390191225,10
Utilities,2023-04-01,2023,2,Q2 2023,129.1433377938166,24.407786676843358,0.7906523289984937,10
Utilities,2023-07-01,2023,3,Q3 2023,113.0539828607841,-2.9105840164050933,0.6755829921060883,10
Utilities,2023-10-01,2023,4,Q4 2023,122.53935567128306,-1.2578335303775057,0.7331856549377817,10
Utilities,2024-01-01,2024,1,Q1 2024,105.30664030851072,-21.936236512513652,0.6291314066478243,10
Utilities,2024-04-01,2024,2,Q2 2024,114.10377389763649,-11.645636664735658,0.6856074290049666,10
Utilities,2024-07-01,2024,3,Q3 2024,127.43931440173824,12.724303184142038,0.752191364585291,10
Utilities,2024-10-01,2024,4,Q4 2024,110.51479153221452,-9.812818153969193,0.6473152888524734,10
Utilities,2025-01-01,2025,1,Q1 2025,145.43736745992712,38.108448844106825,0.8666812574301672,10
Utilities,2025-04-01,2025,2,Q2 2025,139.1547700882762,21.95457287250917,0.8281995052103465,10
Utilities,2025-07-01,2025,3,Q3 2025,109.1567993206104,-14.346055741868046,0.6404542971673167,10
Utilities,2025-10-01,2025,4,Q4 2025,133.64972558993827,20.933789709932206,0.7819507995967845,10
Utilities,2026-01-01,2026,1,Q1 2026,112.94163624574323,-22.343453942906077,0.6743593596361139,10
